attribute,mean,max,min
bpol,38.370044866421495,247.965709,0.0
ATSc1,0.7001100245098046,7.011197,0.0
ATSm5,51.71408499080885,407.642377,0.0
nHBAcc,6.379901960784316,60.0,0.0
ATSm2,33.31832267708328,201.24035,0.0
maccs_322_035,0.5661764705882353,1.0,0.0
nB,28.758578431372534,176.0,0.0
MW,387.55185144056384,2446.198955,17.00274
maccs_k132,0.5912990196078431,1.0,0.0
apol,61.480370574754836,366.140291,1.468793
pattern_c44,0.49203431372549017,1.0,0.0
TopoPSA,102.97335171568615,965.2,0.0
maccs_322_028,0.6605392156862745,1.0,0.0
pattern_c88,0.6605392156862745,1.0,0.0
ATSc5,-0.05115896507352939,3.054225,-3.357506
pattern_c86,0.7849264705882353,1.0,0.0
maccs_322_027,0.7849264705882353,1.0,0.0
nHBDon,2.8382352941176467,34.0,0.0
ATSm4,53.860832400735276,378.682984,0.0
maccs_322_017,0.5422794117647058,1.0,0.0
pubchem_f340,0.39215686274509803,1.0,0.0
ATSm1,34.80684448651963,254.960713,1.774469
ATSm3,48.25158931004907,298.747967,0.0
maccs_k155,0.8504901960784313,1.0,0.0
pattern_c89,0.6446078431372549,1.0,0.0
pattern_c34,0.6446078431372549,1.0,0.0
maccs_322_034,0.6446078431372549,1.0,0.0
maccs_322_044,0.6795343137254902,1.0,0.0
maccs_322_257,0.5814950980392157,1.0,0.0
pubchem_f572,0.3474264705882353,1.0,0.0
pubchem_f003,0.6825980392156863,1.0,0.0
carbonyl,0.5741421568627451,1.0,0.0
AMR,100.4979493872547,512.0106,0.0
_13-tautomerizable,0.6274509803921569,1.0,0.0
pattern_c38,0.6274509803921569,1.0,0.0
maccs_k146,0.5557598039215687,1.0,0.0
pubchem_f407,0.5680147058823529,1.0,0.0
hydroxyl,0.5680147058823529,1.0,0.0
maccs_k090,0.47120098039215685,1.0,0.0
maccs_k139,0.5790441176470589,1.0,0.0
pubchem_f309,0.5790441176470589,1.0,0.0
aliphatic alcohol,0.3161764705882353,1.0,0.0
secondary alcohol,0.31433823529411764,1.0,0.0
maccs_k091,0.4736519607843137,1.0,0.0
pubchem_f618,0.5367647058823529,1.0,0.0
maccs_k131,0.47181372549019607,1.0,0.0
maccs_322_059,0.8903186274509803,1.0,0.0
maccs_k104,0.4479166666666667,1.0,0.0
pubchem_f021,0.4105392156862745,1.0,0.0
maccs_k140,0.4105392156862745,1.0,0.0
maccs_k128,0.5490196078431373,1.0,0.0
pubchem_f347,0.5337009803921569,1.0,0.0
pubchem_f353,0.8590686274509803,1.0,0.0
maccs_322_061,0.7297794117647058,1.0,0.0
nRotB,7.579656862745095,81.0,0.0
MLogP,2.906311274509805,7.29,-2.06
maccs_322_051,0.35049019607843135,1.0,0.0
maccs_322_127,0.5943627450980392,1.0,0.0
maccs_k157,0.7647058823529411,1.0,0.0
co_single_bond,0.7647058823529411,1.0,0.0
pubchem_f002,0.9234068627450981,1.0,0.0
maccs_322_007,0.7236519607843137,1.0,0.0
maccs_k126,0.7340686274509803,1.0,0.0
maccs_k054,0.27450980392156865,1.0,0.0
maccs_322_008,0.9178921568627451,1.0,0.0
ATSc2,-0.31395003431372526,0.005913,-3.619953
maccs_k129,0.5471813725490197,1.0,0.0
maccs_322_043,0.8131127450980392,1.0,0.0
sat_carb_r6,0.23774509803921567,1.0,0.0
pubchem_f287,0.8725490196078431,1.0,0.0
pubchem_f020,0.7463235294117647,1.0,0.0
maccs_k159,0.7463235294117647,1.0,0.0
pubchem_f336,0.3547794117647059,1.0,0.0
pattern_c111,0.2800245098039216,1.0,0.0
pubchem_f381,0.45894607843137253,1.0,0.0
maccs_k123,0.45894607843137253,1.0,0.0
pubchem_f638,0.7156862745098039,1.0,0.0
pattern_c16,0.27267156862745096,1.0,0.0
maccs_322_013,0.23590686274509803,1.0,0.0
maccs_k066,0.43504901960784315,1.0,0.0
maccs_k136,0.33578431372549017,1.0,0.0
ALogP,-0.8091128063725477,11.273,-28.3519
pubchem_f664,0.24693627450980393,1.0,0.0
pubchem_f444,0.6439950980392157,1.0,0.0
maccs_k147,0.6029411764705882,1.0,0.0
maccs_k118,0.602328431372549,1.0,0.0
maccs_322_259,0.27818627450980393,1.0,0.0
maccs_k112,0.9387254901960784,1.0,0.0
maccs_k108,0.48284313725490197,1.0,0.0
primary alcohol,0.15870098039215685,1.0,0.0
pubchem_f682,0.24325980392156862,1.0,0.0
maccs_k053,0.24325980392156862,1.0,0.0
maccs_k050,0.2181372549019608,1.0,0.0
pubchem_f681,0.678921568627451,1.0,0.0
pubchem_f335,0.2267156862745098,1.0,0.0
pubchem_f441,0.37806372549019607,1.0,0.0
pubchem_f712,0.2261029411764706,1.0,0.0
maccs_k082,0.25857843137254904,1.0,0.0
pubchem_f001,0.9632352941176471,1.0,0.0
C ONS bond,0.9632352941176471,1.0,0.0
pubchem_f580,0.5404411764705882,1.0,0.0
pubchem_f536,0.5888480392156863,1.0,0.0
pubchem_f022,0.16666666666666666,1.0,0.0
pubchem_f004,0.26715686274509803,1.0,0.0
sugar_pattern_1,0.14767156862745098,1.0,0.0
pubchem_f013,0.5649509803921569,1.0,0.0
pattern_c6,0.2647058823529412,1.0,0.0
112_trisubstituted_alkene,0.16237745098039216,1.0,0.0
pubchem_f012,0.8799019607843137,1.0,0.0
aliphatic_chain_4,0.8167892156862745,1.0,0.0
ATSc3,-0.06314871139705887,2.779294,-2.440778
maccs_k154,0.6593137254901961,1.0,0.0
pubchem_f421,0.6654411764705882,1.0,0.0
alkenyl,0.32659313725490197,1.0,0.0
pattern_c42,0.32659313725490197,1.0,0.0
pattern_c41,0.32659313725490197,1.0,0.0
cc_double_bond,0.35294117647058826,1.0,0.0
maccs_322_125,0.35294117647058826,1.0,0.0
maccs_k099,0.35294117647058826,1.0,0.0
maccs_k076,0.35232843137254904,1.0,0.0
pubchem_f453,0.3860294117647059,1.0,0.0
pubchem_f840,0.11274509803921569,1.0,0.0
pubchem_f367,0.6158088235294118,1.0,0.0
pubchem_f019,0.897671568627451,1.0,0.0
oxygen_atom,0.897671568627451,1.0,0.0
maccs_k164,0.897671568627451,1.0,0.0
maccs_322_011,0.9558823529411765,1.0,0.0
pattern_c37,0.53125,1.0,0.0
pubchem_f014,0.13419117647058823,1.0,0.0
maccs_k072,0.3174019607843137,1.0,0.0
pubchem_f342,0.6482843137254902,1.0,0.0
maccs_k152,0.6482843137254902,1.0,0.0
pubchem_f568,0.2861519607843137,1.0,0.0
maccs_k115,0.4944852941176471,1.0,0.0
maccs_322_139,0.024509803921568627,1.0,0.0
maccs_k063,0.024509803921568627,1.0,0.0
maccs_322_137,0.024509803921568627,1.0,0.0
pubchem_f685,0.5012254901960784,1.0,0.0
sugar_pattern_2,0.12683823529411764,1.0,0.0
XLogP,2.3193351715686266,23.399,-19.634
ATSc4,0.05188348651960787,2.436468,-3.204807
nAcid,0.446078431372549,14.0,0.0
pubchem_f615,0.40441176470588236,1.0,0.0
pattern_c48,0.40441176470588236,1.0,0.0
ALogp2,17.821823409313676,803.830234,0.0
pubchem_f619,0.46017156862745096,1.0,0.0
pubchem_f691,0.3069852941176471,1.0,0.0
maccs_k070,0.031862745098039214,1.0,0.0
pubchem_f424,0.028799019607843136,1.0,0.0
hexoside,0.09803921568627451,1.0,0.0
pubchem_f463,0.12193627450980392,1.0,0.0
pubchem_f538,0.12193627450980392,1.0,0.0
pubchem_f662,0.15318627450980393,1.0,0.0
pattern_c113,0.12009803921568628,1.0,0.0
pubchem_f471,0.47181372549019607,1.0,0.0
pattern_c71,0.47181372549019607,1.0,0.0
pubchem_f553,0.47181372549019607,1.0,0.0
pubchem_f521,0.47181372549019607,1.0,0.0
pattern_c33,0.9705882352941176,1.0,0.0
pattern_c32,0.9705882352941176,1.0,0.0
pattern_c15,0.9705882352941176,1.0,0.0
chiral_center_specified,0.9705882352941176,1.0,0.0
maccs_322_016,0.9791666666666666,1.0,0.0
pattern_c8,0.9791666666666666,1.0,0.0
pattern_c73,0.45955882352941174,1.0,0.0
pubchem_f687,0.1636029411764706,1.0,0.0
pattern_c10,0.1488970588235294,1.0,0.0
maccs_k071,0.03676470588235294,1.0,0.0
pubchem_f302,0.03676470588235294,1.0,0.0
pubchem_f579,0.46875,1.0,0.0
pubchem_f585,0.46875,1.0,0.0
pubchem_f678,0.46875,1.0,0.0
pubchem_f604,0.46875,1.0,0.0
sugar_pattern_combi,0.11642156862745098,1.0,0.0
pubchem_f333,0.9754901960784313,1.0,0.0
pubchem_f385,0.5073529411764706,1.0,0.0
pattern_c75,0.5079656862745098,1.0,0.0
pubchem_f372,0.47181372549019607,1.0,0.0
nAtomP,7.71936274509804,34.0,0.0
pattern_c76,0.44424019607843135,1.0,0.0
pubchem_f635,0.4742647058823529,1.0,0.0
pubchem_f669,0.4742647058823529,1.0,0.0
maccs_k026,0.08823529411764706,1.0,0.0
sugar_pattern_2_alpha,0.08823529411764706,1.0,0.0
pattern_c115,0.12867647058823528,1.0,0.0
pattern_c77,0.44669117647058826,1.0,0.0
pubchem_f571,0.4834558823529412,1.0,0.0
pubchem_f564,0.15502450980392157,1.0,0.0
pubchem_f348,0.12622549019607843,1.0,0.0
pubchem_f371,0.4852941176470588,1.0,0.0
maccs_k089,0.37683823529411764,1.0,0.0
pattern_c112,0.16605392156862744,1.0,0.0
pubchem_f609,0.47855392156862747,1.0,0.0
pubchem_f596,0.47855392156862747,1.0,0.0
pubchem_f640,0.29901960784313725,1.0,0.0
pubchem_f702,0.2708333333333333,1.0,0.0
maccs_322_004,0.991421568627451,1.0,0.0
maccs_322_031,0.012867647058823529,1.0,0.0
pubchem_f356,0.5177696078431373,1.0,0.0
maccs_k141,0.35661764705882354,1.0,0.0
ester_deriv,0.16176470588235295,1.0,0.0
maccs_k116,0.5018382352941176,1.0,0.0
pubchem_f011,0.9785539215686274,1.0,0.0
pubchem_f583,0.9050245098039216,1.0,0.0
pubchem_f256,0.5220588235294118,1.0,0.0
pubchem_f861,0.13357843137254902,1.0,0.0
maccs_k162,0.522671568627451,1.0,0.0
aromatic,0.522671568627451,1.0,0.0
pubchem_f145,0.1323529411764706,1.0,0.0
pubchem_f663,0.25306372549019607,1.0,0.0
pubchem_f693,0.4381127450980392,1.0,0.0
maccs_322_070,0.014093137254901961,1.0,0.0
poly_sugar_1,0.07659313725490197,1.0,0.0
steroid,0.07598039215686274,1.0,0.0
fatty acyl,0.25,1.0,0.0
aliph_carboxylic,0.19975490196078433,1.0,0.0
poly_sugar_2,0.07352941176470588,1.0,0.0
carboxyl,0.2181372549019608,1.0,0.0
maccs_322_002,0.9736519607843137,1.0,0.0
het_atom,0.9736519607843137,1.0,0.0
maccs_k109,0.3272058823529412,1.0,0.0
pubchem_f189,0.11213235294117647,1.0,0.0
pattern_c49,0.3180147058823529,1.0,0.0
pattern_c116,0.07107843137254902,1.0,0.0
alpha-amino acid or derivatives,0.09375,1.0,0.0
maccs_k057,0.33088235294117646,1.0,0.0
oxacycle,0.33088235294117646,1.0,0.0
carboxylic ester,0.10845588235294118,1.0,0.0
pattern_c50,0.3131127450980392,1.0,0.0
pubchem_f690,0.6035539215686274,1.0,0.0
pubchem_f368,0.13480392156862744,1.0,0.0
pubchem_f151,0.1213235294117647,1.0,0.0
pubchem_f611,0.13419117647058823,1.0,0.0
tertiary alcohol,0.06801470588235294,1.0,0.0
maccs_322_050,0.20036764705882354,1.0,0.0
pubchem_f705,0.39276960784313725,1.0,0.0
maccs_k127,0.5882352941176471,1.0,0.0
maccs_k143,0.5882352941176471,1.0,0.0
maccs_k138,0.539828431372549,1.0,0.0
acetal,0.1323529411764706,1.0,0.0
pubchem_f565,0.5202205882352942,1.0,0.0
ketone,0.16544117647058823,1.0,0.0
pubchem_f665,0.5159313725490197,1.0,0.0
pubchem_f567,0.21262254901960784,1.0,0.0
sugar_pattern_2_beta,0.08394607843137254,1.0,0.0
para_substituted_ring,0.5110294117647058,1.0,0.0
maccs_322_046,0.22855392156862744,1.0,0.0
maccs_k145,0.5422794117647058,1.0,0.0
pattern_c2,0.09681372549019608,1.0,0.0
pubchem_f819,0.2542892156862745,1.0,0.0
spiro_compound,0.05821078431372549,1.0,0.0
maccs_k153,0.5465686274509803,1.0,0.0
pubchem_f660,0.19669117647058823,1.0,0.0
pubchem_f700,0.34558823529411764,1.0,0.0
ring_of_size5,0.4068627450980392,1.0,0.0
pubchem_f144,0.4068627450980392,1.0,0.0
maccs_k096,0.4068627450980392,1.0,0.0
12_disubstituted_alkene,0.15441176470588236,1.0,0.0
pubchem_f699,0.5018382352941176,1.0,0.0
pubchem_f186,0.5367647058823529,1.0,0.0
pattern_c19,0.13112745098039216,1.0,0.0
secondary carboxamide,0.13112745098039216,1.0,0.0
pattern_c319,0.015931372549019607,1.0,0.0
alpha_beta-unsaturated_system,0.12990196078431374,1.0,0.0
pattern_c285,0.09129901960784313,1.0,0.0
ortho_substituted_ring,0.5079656862745098,1.0,0.0
pubchem_f777,0.22977941176470587,1.0,0.0
pubchem_f182,0.3480392156862745,1.0,0.0
meta_substituted_ring,0.5091911764705882,1.0,0.0
filter_fused_rings_65_heterocyclic,0.2555147058823529,1.0,0.0
maccs_k144,0.5098039215686274,1.0,0.0
maccs_322_015,0.5098039215686274,1.0,0.0
maccs_k149,0.5667892156862745,1.0,0.0
maccs_k120,0.36213235294117646,1.0,0.0
oxolane,0.08946078431372549,1.0,0.0
pubchem_f023,0.07352941176470588,1.0,0.0
maccs_k074,0.2616421568627451,1.0,0.0
pubchem_f697,0.6439950980392157,1.0,0.0
pubchem_f696,0.08762254901960784,1.0,0.0
maccs_322_005,0.7064950980392157,1.0,0.0
pubchem_f517,0.5802696078431373,1.0,0.0
pubchem_f606,0.07107843137254902,1.0,0.0
pattern_c47,0.4846813725490196,1.0,0.0
pattern_c31,0.25674019607843135,1.0,0.0
_15-tautomerizable,0.25674019607843135,1.0,0.0
pattern_c29,0.15379901960784315,1.0,0.0
pubchem_f330,0.001838235294117647,1.0,0.0
maccs_322_066,0.001838235294117647,1.0,0.0
pubchem_f339,0.21017156862745098,1.0,0.0
pubchem_f639,0.15196078431372548,1.0,0.0
organoheterocycle,0.5698529411764706,1.0,0.0
maccs_k137,0.5698529411764706,1.0,0.0
trans_double_bond:,0.12806372549019607,1.0,0.0
pubchem_f334,0.7346813725490197,1.0,0.0
pattern_c12,0.7346813725490197,1.0,0.0
pubchem_f345,0.9840686274509803,1.0,0.0
pubchem_f692,0.15808823529411764,1.0,0.0
maccs_k079,0.17585784313725492,1.0,0.0
pubchem_f529,0.23835784313725492,1.0,0.0
heteroring_of_size6,0.39828431372549017,1.0,0.0
maccs_k098,0.39828431372549017,1.0,0.0
maccs_k092,0.22916666666666666,1.0,0.0
pubchem_f196,0.0625,1.0,0.0
pubchem_f183,0.14522058823529413,1.0,0.0
pattern_c325,0.02022058823529412,1.0,0.0
pubchem_f515,0.02022058823529412,1.0,0.0
pubchem_f713,0.3805147058823529,1.0,0.0
phenolether_ortho_subs,0.07107843137254902,1.0,0.0
phenol ether,0.07107843137254902,1.0,0.0
pubchem_f426,0.03982843137254902,1.0,0.0
pubchem_f203,0.03982843137254902,1.0,0.0
maccs_322_150,0.03982843137254902,1.0,0.0
pubchem_f703,0.14276960784313725,1.0,0.0
pubchem_f570,0.16237745098039216,1.0,0.0
pubchem_f612,0.16176470588235295,1.0,0.0
pubchem_f457,0.0392156862745098,1.0,0.0
pattern_c118,0.0392156862745098,1.0,0.0
pubchem_f382,0.27267156862745096,1.0,0.0
allylic alcohol,0.05943627450980392,1.0,0.0
phenoxy_compound,0.11764705882352941,1.0,0.0
pattern_c46,0.4950980392156863,1.0,0.0
pubchem_f406,0.4950980392156863,1.0,0.0
phenolether_para_subs,0.07230392156862746,1.0,0.0
peptide,0.03860294117647059,1.0,0.0
pubchem_f698,0.4803921568627451,1.0,0.0
maccs_k093,0.2616421568627451,1.0,0.0
pubchem_f798,0.2493872549019608,1.0,0.0
maccs_k113,0.26838235294117646,1.0,0.0
pattern_c45,0.49325980392156865,1.0,0.0
pubchem_f017,0.12928921568627452,1.0,0.0
pubchem_f361,0.006127450980392157,1.0,0.0
pubchem_f689,0.7236519607843137,1.0,0.0
pattern_c106,0.22181372549019607,1.0,0.0
maccs_322_009,0.7659313725490197,1.0,0.0
pattern_c58,0.21691176470588236,1.0,0.0
pubchem_f383,0.23529411764705882,1.0,0.0
pubchem_f338,0.11642156862745098,1.0,0.0
isobutyl,0.03553921568627451,1.0,0.0
pubchem_f543,0.22977941176470587,1.0,0.0
aliphatic_chain_13,0.14583333333333334,1.0,0.0
maccs_k095,0.2604166666666667,1.0,0.0
maccs_322_063,0.015318627450980392,1.0,0.0
masqued_o_quinone,0.012254901960784314,1.0,0.0
pubchem_f386,0.12254901960784313,1.0,0.0
pattern_c53,0.22549019607843138,1.0,0.0
pattern_c51,0.22549019607843138,1.0,0.0
pattern_c56,0.21997549019607843,1.0,0.0
conjug_bond,0.05392156862745098,1.0,0.0
maccs_k019,0.06801470588235294,1.0,0.0
ring_of_size7,0.06801470588235294,1.0,0.0
maccs_k025,0.03370098039215686,1.0,0.0
pattern_c11,0.6997549019607843,1.0,0.0
pubchem_f709,0.6997549019607843,1.0,0.0
pubchem_f701,0.21568627450980393,1.0,0.0
r5_1ht_sat,0.1133578431372549,1.0,0.0
pattern_c7,0.36703431372549017,1.0,0.0
pubchem_f652,0.24571078431372548,1.0,0.0
pubchem_f607,0.24571078431372548,1.0,0.0
pattern_c57,0.22181372549019607,1.0,0.0
pattern_c161,0.15808823529411764,1.0,0.0
nitro,0.012867647058823529,1.0,0.0
maccs_k119,0.06801470588235294,1.0,0.0
pattern_c55,0.22303921568627452,1.0,0.0
maccs_k150,0.8180147058823529,1.0,0.0
pubchem_f154,0.051470588235294115,1.0,0.0
pattern_c277,0.051470588235294115,1.0,0.0
pattern_c59,0.22365196078431374,1.0,0.0
hydrochlorofluorocarbon_pattern1,0.0012254901960784314,1.0,0.0
pubchem_f440,0.21200980392156862,1.0,0.0
pubchem_f357,0.4221813725490196,1.0,0.0
pubchem_f542,0.24816176470588236,1.0,0.0
maccs_k094,0.08884803921568628,1.0,0.0
maccs_k125,0.33026960784313725,1.0,0.0
pattern_c52,0.22426470588235295,1.0,0.0
maccs_k048,0.05024509803921569,1.0,0.0
pubchem_f590,0.18995098039215685,1.0,0.0
pubchem_f627,0.18995098039215685,1.0,0.0
pattern_c17,0.04963235294117647,1.0,0.0
pubchem_f799,0.2346813725490196,1.0,0.0
pubchem_f566,0.19056372549019607,1.0,0.0
pattern_c54,0.2267156862745098,1.0,0.0
filter_fused_rings_55_heterocyclic,0.029411764705882353,1.0,0.0
isopropyl,0.08639705882352941,1.0,0.0
pubchem_f708,0.04840686274509804,1.0,0.0
pubchem_f520,0.11642156862745098,1.0,0.0
pubchem_f456,0.014093137254901961,1.0,0.0
maccs_322_071,0.02144607843137255,1.0,0.0
pubchem_f559,0.017769607843137254,1.0,0.0
primary_amino_azaheterocycle,0.028186274509803922,1.0,0.0
pubchem_f643,0.16237745098039216,1.0,0.0
pubchem_f582,0.16237745098039216,1.0,0.0
alkylarylether,0.14705882352941177,1.0,0.0
pattern_c28,0.14705882352941177,1.0,0.0
pattern_c36,0.508578431372549,1.0,0.0
pubchem_f362,0.011029411764705883,1.0,0.0
diarylthioether,0.007965686274509803,1.0,0.0
nitrobenzene_meta_subs,0.007965686274509803,1.0,0.0
maccs_k069,0.07230392156862746,1.0,0.0
pattern_c24,0.04656862745098039,1.0,0.0
maccs_k024,0.022058823529411766,1.0,0.0
n_o_single_bond,0.022058823529411766,1.0,0.0
pubchem_f207,0.08333333333333333,1.0,0.0
pubchem_f597,0.11397058823529412,1.0,0.0
pubchem_f210,0.02696078431372549,1.0,0.0
maccs_k056,0.014705882352941176,1.0,0.0
pubchem_f396,0.026348039215686275,1.0,0.0
pubchem_f499,0.26286764705882354,1.0,0.0
maccs_k052,0.04411764705882353,1.0,0.0
pubchem_f301,0.04411764705882353,1.0,0.0
pubchem_f694,0.19424019607843138,1.0,0.0
pubchem_f841,0.058823529411764705,1.0,0.0
maccs_k043,0.058823529411764705,1.0,0.0
pubchem_f477,0.20220588235294118,1.0,0.0
pubchem_f200,0.15012254901960784,1.0,0.0
pubchem_f193,0.32230392156862747,1.0,0.0
pubchem_f258,0.3272058823529412,1.0,0.0
maccs_322_020,0.044730392156862746,1.0,0.0
pubchem_f455,0.018995098039215685,1.0,0.0
pubchem_f505,0.09129901960784313,1.0,0.0
pubchem_f315,0.04411764705882353,1.0,0.0
maccs_k029,0.04411764705882353,1.0,0.0
phos_atom,0.04411764705882353,1.0,0.0
pubchem_f031,0.04411764705882353,1.0,0.0
pubchem_f710,0.6709558823529411,1.0,0.0
benzene,0.28431372549019607,1.0,0.0
unfused_benzene,0.28431372549019607,1.0,0.0
phenoxide_para_subs,0.28431372549019607,1.0,0.0
pubchem_f651,0.023284313725490197,1.0,0.0
maccs_322_083,0.04350490196078431,1.0,0.0
pubchem_f412,0.04350490196078431,1.0,0.0
pubchem_f190,0.024509803921568627,1.0,0.0
2-N-linked ribose deriv.,0.024509803921568627,1.0,0.0
pubchem_f537,0.12867647058823528,1.0,0.0
pubchem_f862,0.056372549019607844,1.0,0.0
pattern_c215,0.02389705882352941,1.0,0.0
organophosphate,0.02389705882352941,1.0,0.0
pubchem_f402,0.015931372549019607,1.0,0.0
pubchem_f573,0.08884803921568628,1.0,0.0
pubchem_f647,0.18872549019607843,1.0,0.0
pubchem_f306,0.023284313725490197,1.0,0.0
pubchem_f032,0.023284313725490197,1.0,0.0
maccs_k033,0.023284313725490197,1.0,0.0
pubchem_f451,0.12683823529411764,1.0,0.0
phenothiazine,0.006127450980392157,1.0,0.0
pubchem_f380,0.10723039215686274,1.0,0.0
pubchem_f433,0.22058823529411764,1.0,0.0
pubchem_f485,0.0974264705882353,1.0,0.0
filter_bridged_rings_55_heterocyclic,0.02267156862745098,1.0,0.0
pattern_c26,0.12622549019607843,1.0,0.0
pubchem_f516,0.03799019607843137,1.0,0.0
maccs_322_148,0.04044117647058824,1.0,0.0
pubchem_f408,0.04044117647058824,1.0,0.0
maccs_k060,0.04044117647058824,1.0,0.0
maccs_k061,0.04044117647058824,1.0,0.0
maccs_322_030,0.2824754901960784,1.0,0.0
sulfonic_acid,0.02144607843137255,1.0,0.0
maccs_322_072,0.02144607843137255,1.0,0.0
pattern_c242,0.02144607843137255,1.0,0.0
sulfonic_acid_derivative,0.02144607843137255,1.0,0.0
maccs_k105,0.4730392156862745,1.0,0.0
pattern_c21,0.06862745098039216,1.0,0.0
maccs_k032,0.020833333333333332,1.0,0.0
pubchem_f390,0.09436274509803921,1.0,0.0
pubchem_f722,0.03002450980392157,1.0,0.0
pattern_c243,0.02022058823529412,1.0,0.0
pubchem_f706,0.16544117647058823,1.0,0.0
pubchem_f785,0.030637254901960783,1.0,0.0
phosphate monoester,0.0196078431372549,1.0,0.0
pattern_c256,0.0196078431372549,1.0,0.0
maccs_k097,0.22181372549019607,1.0,0.0
1_methoxy2_unsubstituted_arene,0.08088235294117647,1.0,0.0
annelated_rings,0.4540441176470588,1.0,0.0
pubchem_f488,0.11090686274509803,1.0,0.0
pubchem_f605,0.21446078431372548,1.0,0.0
pattern_c30,0.24509803921568626,1.0,0.0
pattern_c107,0.20465686274509803,1.0,0.0
n-acyl-aliphatic alpha-amino-acid,0.018995098039215685,1.0,0.0
mixed_anhydride,0.018995098039215685,1.0,0.0
pubchem_f644,0.29105392156862747,1.0,0.0
edg,0.29840686274509803,1.0,0.0
pubchem_f680,0.8314950980392157,1.0,0.0
maccs_k058,0.03553921568627451,1.0,0.0
maccs_k101,0.4571078431372549,1.0,0.0
pubchem_f484,0.017769607843137254,1.0,0.0
pattern_c317,0.017769607843137254,1.0,0.0
pubchem_f704,0.07965686274509803,1.0,0.0
pubchem_f346,0.42830882352941174,1.0,0.0
pubchem_f398,0.06924019607843138,1.0,0.0
pubchem_f575,0.28125,1.0,0.0
pubchem_f675,0.09803921568627451,1.0,0.0
pubchem_f672,0.25612745098039214,1.0,0.0
pubchem_f778,0.27144607843137253,1.0,0.0
conjugated_double_bond,0.38357843137254904,1.0,0.0
hemiacetal,0.01715686274509804,1.0,0.0
dialkylether,0.0784313725490196,1.0,0.0
sugar_pattern_2_reducing,0.016544117647058824,1.0,0.0
pattern_c252,0.016544117647058824,1.0,0.0
pubchem_f117,0.016544117647058824,1.0,0.0
sulfonamide,0.016544117647058824,1.0,0.0
pattern_c123,0.016544117647058824,1.0,0.0
dialkylthioether,0.016544117647058824,1.0,0.0
guanidine,0.016544117647058824,1.0,0.0
maccs_k055,0.03370098039215686,1.0,0.0
pubchem_f150,0.06678921568627451,1.0,0.0
pubchem_f460,0.03308823529411765,1.0,0.0
4_hydroxyanilide,6.127450980392157E-4,1.0,0.0
maccs_322_033,6.127450980392157E-4,1.0,0.0
pattern_c125,6.127450980392157E-4,1.0,0.0
dithiocarbamic acid ester,6.127450980392157E-4,1.0,0.0
benzo_14_diazepine,6.127450980392157E-4,1.0,0.0
pubchem_f167,6.127450980392157E-4,1.0,0.0
pattern_c204,6.127450980392157E-4,1.0,0.0
aryl_urea,6.127450980392157E-4,1.0,0.0
dibenzo_14_diazepine,6.127450980392157E-4,1.0,0.0
organofluoride_pattern2,6.127450980392157E-4,1.0,0.0
pubchem_f561,0.13051470588235295,1.0,0.0
maccs_k051,0.032475490196078434,1.0,0.0
pubchem_f415,0.032475490196078434,1.0,0.0
pubchem_f760,0.015318627450980392,1.0,0.0
pubchem_f823,0.015318627450980392,1.0,0.0
n_in_aromatic_5_ring,0.08517156862745098,1.0,0.0
pubchem_f458,0.031862745098039214,1.0,0.0
pattern_c287,0.014705882352941176,1.0,0.0
secondary aliphatic/aromatic amine,0.014705882352941176,1.0,0.0
maccs_k022,0.03125,1.0,0.0
pubchem_f116,0.03125,1.0,0.0
ring_of_size3,0.03125,1.0,0.0
pubchem_f610,0.014093137254901961,1.0,0.0
pubchem_f152,0.013480392156862746,1.0,0.0
pubchem_f018,0.013480392156862746,1.0,0.0
pubchem_f148,0.013480392156862746,1.0,0.0
2|E1,0.0,0.0,0.0
